Datetime,Water Level (m)
2026-02-10 06:00:00,-1.5030133
2026-02-10 07:00:00,-1.3753844
2026-02-10 08:00:00,-0.95105976
2026-02-10 09:00:00,-0.45007718
2026-02-10 10:00:00,0.022210527
2026-02-10 11:00:00,0.39870602
2026-02-10 12:00:00,0.660454
2026-02-10 13:00:00,0.6983915
2026-02-10 14:00:00,0.51583916
2026-02-10 15:00:00,0.16696933
2026-02-10 16:00:00,-0.28112894
2026-02-10 17:00:00,-0.711496
2026-02-10 18:00:00,-1.0554271
2026-02-10 19:00:00,-1.2250351
2026-02-10 20:00:00,-1.1386639
2026-02-10 21:00:00,-0.87883216
2026-02-10 22:00:00,-0.577538
2026-02-10 23:00:00,-0.30426463
2026-02-11 00:00:00,-0.10359557
2026-02-11 01:00:00,-0.009201263
2026-02-11 02:00:00,-0.060853425
2026-02-11 03:00:00,-0.23699784
2026-02-11 04:00:00,-0.5019717
2026-02-11 05:00:00,-0.8183246
2026-02-11 06:00:00,-1.1150633
2026-02-11 07:00:00,-1.2941456
2026-02-11 08:00:00,-1.2657909
2026-02-11 09:00:00,-0.98156714
2026-02-11 10:00:00,-0.59685993
2026-02-11 11:00:00,-0.19606678
2026-02-11 12:00:00,0.16643296
2026-02-11 13:00:00,0.47273365
2026-02-11 14:00:00,0.57921034
2026-02-11 15:00:00,0.52997595
2026-02-11 16:00:00,0.3336621
2026-02-11 17:00:00,0.01883444
2026-02-11 18:00:00,-0.37946466
2026-02-11 19:00:00,-0.7700506
2026-02-11 20:00:00,-1.0641057
2026-02-11 21:00:00,-1.2325289
2026-02-11 22:00:00,-1.2202883
2026-02-11 23:00:00,-1.0228448
2026-02-12 00:00:00,-0.72702986
2026-02-12 01:00:00,-0.4457287
2026-02-12 02:00:00,-0.237686
2026-02-12 03:00:00,-0.11443321
2026-02-12 04:00:00,-0.08184937
2026-02-12 05:00:00,-0.1687218
2026-02-12 06:00:00,-0.40106034
2026-02-12 07:00:00,-0.7429046
2026-02-12 08:00:00,-1.0295936
2026-02-12 09:00:00,-1.2107683
2026-02-12 10:00:00,-1.1866623
2026-02-12 11:00:00,-0.9146676
2026-02-12 12:00:00,-0.4847069
2026-02-12 13:00:00,-0.025964493
2026-02-12 14:00:00,0.35924792
2026-02-12 15:00:00,0.61892575
2026-02-12 16:00:00,0.69516534
2026-02-12 17:00:00,0.59414184
2026-02-12 18:00:00,0.30096477
2026-02-12 19:00:00,-0.15933259
2026-02-12 20:00:00,-0.6591632
2026-02-12 21:00:00,-1.1169548
2026-02-12 22:00:00,-1.4549243
2026-02-12 23:00:00,-1.594656
2026-02-13 00:00:00,-1.4377007
2026-02-13 01:00:00,-1.0164244
2026-02-13 02:00:00,-0.55621
2026-02-13 03:00:00,-0.1493768
2026-02-13 04:00:00,0.10851893
2026-02-13 05:00:00,0.21412492
2026-02-13 06:00:00,0.1373571
2026-02-13 07:00:00,-0.13658187
2026-02-13 08:00:00,-0.5665886
2026-02-13 09:00:00,-1.0262398
2026-02-13 10:00:00,-1.3685961
2026-02-13 11:00:00,-1.484347
2026-02-13 12:00:00,-1.2099948
2026-02-13 13:00:00,-0.6177884
2026-02-13 14:00:00,-0.0057863444
2026-02-13 15:00:00,0.4941878
2026-02-13 16:00:00,0.8167597
2026-02-13 17:00:00,0.92837423
2026-02-13 18:00:00,0.8133521
2026-02-13 19:00:00,0.43171412
2026-02-13 20:00:00,-0.13138315
2026-02-13 21:00:00,-0.7977359
2026-02-13 22:00:00,-1.36142
2026-02-13 23:00:00,-1.7551129
2026-02-14 00:00:00,-1.8793327
2026-02-14 01:00:00,-1.5447065
2026-02-14 02:00:00,-0.88402516
2026-02-14 03:00:00,-0.26002297
2026-02-14 04:00:00,0.19945635
2026-02-14 05:00:00,0.45023915
2026-02-14 06:00:00,0.48223722
2026-02-14 07:00:00,0.25819662
2026-02-14 08:00:00,-0.18167782
2026-02-14 09:00:00,-0.75552934
2026-02-14 10:00:00,-1.3282298
2026-02-14 11:00:00,-1.7249899
2026-02-14 12:00:00,-1.7898325
2026-02-14 13:00:00,-1.2669024
2026-02-14 14:00:00,-0.47208628
2026-02-14 15:00:00,0.2709261
2026-02-14 16:00:00,0.84651166
2026-02-14 17:00:00,1.1410562
2026-02-14 18:00:00,1.1897833
2026-02-14 19:00:00,0.9235465
2026-02-14 20:00:00,0.36813638
2026-02-14 21:00:00,-0.3629318
2026-02-14 22:00:00,-1.0968204
2026-02-14 23:00:00,-1.7481778
2026-02-15 00:00:00,-2.1698427
2026-02-15 01:00:00,-2.1253893
2026-02-15 02:00:00,-1.3543143
2026-02-15 03:00:00,-0.54228914
2026-02-15 04:00:00,0.15006617
2026-02-15 05:00:00,0.62295586
2026-02-15 06:00:00,0.7818859
2026-02-15 07:00:00,0.66679746
2026-02-15 08:00:00,0.266532
2026-02-15 09:00:00,-0.35850888
2026-02-15 10:00:00,-1.0329508
2026-02-15 11:00:00,-1.6901381
2026-02-15 12:00:00,-2.1113296
2026-02-15 13:00:00,-1.9017996
2026-02-15 14:00:00,-1.0235232
2026-02-15 15:00:00,-0.09820384
2026-02-15 16:00:00,0.7403953
2026-02-15 17:00:00,1.2382368
2026-02-15 18:00:00,1.4390762
2026-02-15 19:00:00,1.3186941
2026-02-15 20:00:00,0.83537203
2026-02-15 21:00:00,0.1044934
2026-02-15 22:00:00,-0.7350926
2026-02-15 23:00:00,-1.5631858
2026-02-16 00:00:00,-2.2027013
2026-02-16 01:00:00,-2.487402
2026-02-16 02:00:00,-2.0134683
2026-02-16 03:00:00,-0.92026544
2026-02-16 04:00:00,-0.014049066
2026-02-16 05:00:00,0.7089689
2026-02-16 06:00:00,0.99684405
